input_sha256,province,abbreviation,x0_px,y0_px,x1_px,y1_px,width_px,height_px,area_px2,area_share,standard_racks_estimate,commissioned_design_it_power_mw,observation_date,source_ids
e59b671b8f38e08a20a810e9db06dc8d3be51ac395b8a45c2daaf463c346c5ca,Hebei,冀,211,1068,432,1392,221,324,71604,0.1488234047,1552228.11,3880.5703,2025-03-31,caict_treemap_2025;scio_racks_2025_03;nda_standard_rack
e59b671b8f38e08a20a810e9db06dc8d3be51ac395b8a45c2daaf463c346c5ca,Guangdong,粤,211,1392,432,1602,221,210,46410,0.0964596142,1006073.78,2515.1844,2025-03-31,caict_treemap_2025;scio_racks_2025_03;nda_standard_rack
e59b671b8f38e08a20a810e9db06dc8d3be51ac395b8a45c2daaf463c346c5ca,Jiangsu,苏,432,1068,612,1265,180,197,35460,0.0737008817,768700.2,1921.7505,2025-03-31,caict_treemap_2025;scio_racks_2025_03;nda_standard_rack
e59b671b8f38e08a20a810e9db06dc8d3be51ac395b8a45c2daaf463c346c5ca,Guizhou,黔,432,1265,612,1434,180,169,30420,0.0632256295,659443.32,1648.6083,2025-03-31,caict_treemap_2025;scio_racks_2025_03;nda_standard_rack
e59b671b8f38e08a20a810e9db06dc8d3be51ac395b8a45c2daaf463c346c5ca,Inner Mongolia,蒙,432,1434,612,1602,180,168,30240,0.0628515133,655541.28,1638.8532,2025-03-31,caict_treemap_2025;scio_racks_2025_03;nda_standard_rack
e59b671b8f38e08a20a810e9db06dc8d3be51ac395b8a45c2daaf463c346c5ca,Shanghai,沪,612,1068,800,1225,188,157,29516,0.061346735,639846.45,1599.6161,2025-03-31,caict_treemap_2025;scio_racks_2025_03;nda_standard_rack
e59b671b8f38e08a20a810e9db06dc8d3be51ac395b8a45c2daaf463c346c5ca,Zhejiang,浙,800,1068,958,1225,158,157,24806,0.0515573624,537743.29,1344.3582,2025-03-31,caict_treemap_2025;scio_racks_2025_03;nda_standard_rack
e59b671b8f38e08a20a810e9db06dc8d3be51ac395b8a45c2daaf463c346c5ca,Beijing,京,958,1068,1112,1225,154,157,24178,0.0502521127,524129.54,1310.3238,2025-03-31,caict_treemap_2025;scio_racks_2025_03;nda_standard_rack
e59b671b8f38e08a20a810e9db06dc8d3be51ac395b8a45c2daaf463c346c5ca,Shanxi,晋,612,1225,727,1434,115,209,24035,0.0499548982,521029.59,1302.574,2025-03-31,caict_treemap_2025;scio_racks_2025_03;nda_standard_rack
e59b671b8f38e08a20a810e9db06dc8d3be51ac395b8a45c2daaf463c346c5ca,Shandong,鲁,612,1434,727,1602,115,168,19320,0.0401551335,418818.04,1047.0451,2025-03-31,caict_treemap_2025;scio_racks_2025_03;nda_standard_rack
e59b671b8f38e08a20a810e9db06dc8d3be51ac395b8a45c2daaf463c346c5ca,Hunan,湘,727,1225,829,1354,102,129,13158,0.0273478906,285238.5,713.0962,2025-03-31,caict_treemap_2025;scio_racks_2025_03;nda_standard_rack
e59b671b8f38e08a20a810e9db06dc8d3be51ac395b8a45c2daaf463c346c5ca,Chongqing,渝,727,1354,829,1478,102,124,12648,0.0262878948,274182.74,685.4569,2025-03-31,caict_treemap_2025;scio_racks_2025_03;nda_standard_rack
e59b671b8f38e08a20a810e9db06dc8d3be51ac395b8a45c2daaf463c346c5ca,Sichuan,川,727,1478,829,1602,102,124,12648,0.0262878948,274182.74,685.4569,2025-03-31,caict_treemap_2025;scio_racks_2025_03;nda_standard_rack
e59b671b8f38e08a20a810e9db06dc8d3be51ac395b8a45c2daaf463c346c5ca,Fujian,闽,829,1225,931,1329,102,104,10608,0.0220479118,229959.72,574.8993,2025-03-31,caict_treemap_2025;scio_racks_2025_03;nda_standard_rack
e59b671b8f38e08a20a810e9db06dc8d3be51ac395b8a45c2daaf463c346c5ca,Henan,豫,931,1225,1033,1329,102,104,10608,0.0220479118,229959.72,574.8993,2025-03-31,caict_treemap_2025;scio_racks_2025_03;nda_standard_rack
e59b671b8f38e08a20a810e9db06dc8d3be51ac395b8a45c2daaf463c346c5ca,Hubei,鄂,1033,1225,1112,1329,79,104,8216,0.0170763239,178106.06,445.2651,2025-03-31,caict_treemap_2025;scio_racks_2025_03;nda_standard_rack
e59b671b8f38e08a20a810e9db06dc8d3be51ac395b8a45c2daaf463c346c5ca,Ningxia,宁,829,1329,908,1427,79,98,7742,0.0160911513,167830.71,419.5768,2025-03-31,caict_treemap_2025;scio_racks_2025_03;nda_standard_rack
e59b671b8f38e08a20a810e9db06dc8d3be51ac395b8a45c2daaf463c346c5ca,Guangxi,桂,829,1427,908,1517,79,90,7110,0.0147775879,154130.24,385.3256,2025-03-31,caict_treemap_2025;scio_racks_2025_03;nda_standard_rack
e59b671b8f38e08a20a810e9db06dc8d3be51ac395b8a45c2daaf463c346c5ca,Tianjin,津,829,1517,908,1602,79,85,6715,0.0139566108,145567.45,363.9186,2025-03-31,caict_treemap_2025;scio_racks_2025_03;nda_standard_rack
e59b671b8f38e08a20a810e9db06dc8d3be51ac395b8a45c2daaf463c346c5ca,Xinjiang,新,908,1329,977,1426,69,97,6693,0.0139108855,145090.54,362.7263,2025-03-31,caict_treemap_2025;scio_racks_2025_03;nda_standard_rack
e59b671b8f38e08a20a810e9db06dc8d3be51ac395b8a45c2daaf463c346c5ca,Jiangxi,赣,908,1426,977,1517,69,91,6279,0.0130504184,136115.86,340.2897,2025-03-31,caict_treemap_2025;scio_racks_2025_03;nda_standard_rack
e59b671b8f38e08a20a810e9db06dc8d3be51ac395b8a45c2daaf463c346c5ca,Shaanxi,陕,908,1517,977,1602,69,85,5865,0.0121899512,127141.19,317.853,2025-03-31,caict_treemap_2025;scio_racks_2025_03;nda_standard_rack
e59b671b8f38e08a20a810e9db06dc8d3be51ac395b8a45c2daaf463c346c5ca,Gansu,陇,977,1329,1046,1423,69,94,6486,0.013480652,140603.2,351.508,2025-03-31,caict_treemap_2025;scio_racks_2025_03;nda_standard_rack
e59b671b8f38e08a20a810e9db06dc8d3be51ac395b8a45c2daaf463c346c5ca,Liaoning,辽,977,1423,1046,1501,69,78,5382,0.0111860729,116670.74,291.6769,2025-03-31,caict_treemap_2025;scio_racks_2025_03;nda_standard_rack
e59b671b8f38e08a20a810e9db06dc8d3be51ac395b8a45c2daaf463c346c5ca,Qinghai,青,977,1501,1046,1556,69,55,3795,0.0078876155,82267.83,205.6696,2025-03-31,caict_treemap_2025;scio_racks_2025_03;nda_standard_rack
e59b671b8f38e08a20a810e9db06dc8d3be51ac395b8a45c2daaf463c346c5ca,Heilongjiang,黑,977,1556,1046,1602,69,46,3174,0.0065969148,68805.82,172.0146,2025-03-31,caict_treemap_2025;scio_racks_2025_03;nda_standard_rack
e59b671b8f38e08a20a810e9db06dc8d3be51ac395b8a45c2daaf463c346c5ca,Anhui,皖,1046,1329,1112,1423,66,94,6204,0.0128945367,134490.02,336.225,2025-03-31,caict_treemap_2025;scio_racks_2025_03;nda_standard_rack
e59b671b8f38e08a20a810e9db06dc8d3be51ac395b8a45c2daaf463c346c5ca,Yunnan,云,1046,1423,1112,1501,66,78,5148,0.0106997219,111598.1,278.9952,2025-03-31,caict_treemap_2025;scio_racks_2025_03;nda_standard_rack
e59b671b8f38e08a20a810e9db06dc8d3be51ac395b8a45c2daaf463c346c5ca,Hainan,琼,1046,1501,1079,1569,33,68,2244,0.0046639813,48645.33,121.6133,2025-03-31,caict_treemap_2025;scio_racks_2025_03;nda_standard_rack
e59b671b8f38e08a20a810e9db06dc8d3be51ac395b8a45c2daaf463c346c5ca,Jilin,吉,1079,1501,1112,1569,33,68,2244,0.0046639813,48645.33,121.6133,2025-03-31,caict_treemap_2025;scio_racks_2025_03;nda_standard_rack
e59b671b8f38e08a20a810e9db06dc8d3be51ac395b8a45c2daaf463c346c5ca,Tibet,藏,1046,1569,1112,1602,66,33,2178,0.0045268054,47214.58,118.0365,2025-03-31,caict_treemap_2025;scio_racks_2025_03;nda_standard_rack
