input_sha256,source_id,publisher,title,tier,publication_date,claim,exact_locator,verification_status,verification_method,verified_on,independent_human_review,url,second_agent_status,second_agent_reviewed_on,second_agent_reviewer,second_agent_access_method,second_agent_evidence_urls,second_agent_locator,second_agent_findings,second_agent_required_action,reviewed_source_sha256
ff1e8ce94ab2cf3a06d6317e2982e5d04361ff7412dda11aabb26b02428cd7d9,caict_treemap_2025,China Academy of Information and Communications Technology,Comprehensive Computing Power Index Blue Book (2025),primary,2026-01,"Provincial distribution and top-ten order of in-use standard racks; the report says the top six each exceed 600,000 racks but does not publish the 31 numeric values.","PDF page 22 / report page 16, Figure 6 and surrounding text; Appendix 1 states unspecified data are through 2025-03-31 and lists the China Computing Power Platform, MIIT, CAICT, local policy documents, literature and public data; Appendix 3 defines in-use racks.",verified_derived,"Downloaded and rendered the source PDF, recorded its SHA-256, and reconciled all 31 rectangles. The project assumes treemap area is proportional to rack count; this reproduces an estimate, not CAICT's unpublished row-level inputs.",2026-09-03,pending,https://13115299.s21i.faiusr.com/61/1/ABUIABA9GAAg4pOYywYogpflxgc.pdf,qualified,2026-09-08,Second-agent source review,Downloaded PDF; text extraction and visual inspection,https://13115299.s21i.faiusr.com/61/1/ABUIABA9GAAg4pOYywYogpflxgc.pdf,"PDF 22 / printed 16, Figure 6; PDF 45 and 46, Appendices 1 and 3","The top-ten order and top-six >600,000-rack statement match. Appendix 1 dates unspecified data to March 2025; Appendix 3 defines in-use racks as design capacity in commissioned centres, normalized to 2.5 kW. The figure does not supply 31 raw values or explicitly state area proportionality. The direct March Jiangsu count conflicts with the treemap.",Keep provincial widths labelled estimates; resolve the Jiangsu conflict before treating them as verified provincial measurements.,8dfb4d9cf7f9019e0b0157b5e31167f11fc3da20c28e262c186d54ebc4d4ecc5
ff1e8ce94ab2cf3a06d6317e2982e5d04361ff7412dda11aabb26b02428cd7d9,china_computing_platform_2025,China Computing Power Platform / China Academy of Information and Communications Technology,What you need to know about the China Computing Power Platform,primary-platform-description,2025-09-04,"The platform had connected ten provincial platforms by July 2025 and supports resource registration, analysis and monitoring; it had accumulated billions of monitoring records.","Sections describing provincial-platform access, Shanxi's resource-registration functions and the July 2025 operating statistics.",verified,Checked the official platform description and searched the public platform and report materials for a downloadable 31-province rack table; none was linked in the reviewed materials.,2026-09-03,pending,https://www.digitalchina.gov.cn/2025/xwzx/qwfb/202509/t20250904_5073458.htm,discrepancy,2026-09-08,Second-agent source review,Official-hosted article read in full,https://www.digitalchina.gov.cn/2025/xwzx/qwfb/202509/t20250904_5073458.htm,Provincial-platform paragraph versus separate end-July operating-statistics paragraph,"Ten connected provincial platforms are described at the 2025 conference; the explicit end-July date applies to operating statistics, not clearly to the ten-platform count. The page credits People's Posts and Telecommunications News, rather than being the platform's own dataset.",Separate the observation dates and correct the publisher/tier attribution. Do not claim this proves that a public provincial table does not exist.,75690b8f6e83561b7eb7c898e394bb0348ee7122844a86b28ce521074e67d3c6
ff1e8ce94ab2cf3a06d6317e2982e5d04361ff7412dda11aabb26b02428cd7d9,miit_monitoring_network_2026,Ministry of Industry and Information Technology,MIIT launches nationwide automated computing-resource monitoring,primary-regulator,2026-01-21,MIIT set an end-2026 target for automated monitoring of computing-resource data across all 31 provincial-level regions and major computing enterprises.,Paragraph beginning '《通知》提出，到2026年底'.,verified,"Checked the target date, 31-region scope and monitoring description on MIIT's official page. This supports the conclusion that a complete public automated-monitoring census was not yet established in early 2026; it does not prove that no internal provincial table exists.",2026-09-03,pending,https://www.miit.gov.cn/xwfb/gxdt/sjdt/art/2026/art_d9a97da3826d4072beed83c66c19f81f.html,qualified,2026-09-08,Second-agent source review,Regulator article read in full,https://www.miit.gov.cn/xwfb/gxdt/sjdt/art/2026/art_d9a97da3826d4072beed83c66c19f81f.html,Paragraph setting the end-2026 target,The 31-region automated-monitoring target is supported. A future monitoring target does not establish whether a public census or an internal provincial table already exists.,Retain the target as context; remove the broader inference about absence of an existing public census from the first-review method.,36eac63d56e6298d8c4bf9ffd3d39df4ccdfdd2b7ee8eb4dbe4455ce96128bbc
ff1e8ce94ab2cf3a06d6317e2982e5d04361ff7412dda11aabb26b02428cd7d9,jiangsu_racks_2025_03,Jiangsu Provincial People's Government,Jiangsu cultivates the national digital-economy experimental field,official,2025-03-20,"Jiangsu had 473,000 in-use standard racks as of the publication date.","Paragraph beginning '算力是数字经济的底座', sentence beginning '截至目前'.",verified,"Checked the figure, province-wide wording and date on the provincial government page; the same paragraph reports 37.9 EFLOPS and a 60% intelligent-compute share.",2026-09-03,pending,https://www.js.gov.cn/art/2025/3/20/art_91704_11521202.html,confirmed,2026-09-08,Second-agent source review,Official government republication read in full,https://www.js.gov.cn/art/2025/3/20/art_91704_11521202.html,"Computing-infrastructure paragraph, as-of-now sentence","473,000 in-use standard racks, 37.9 EFLOPS and the publication date of 20 March 2025 match. The observation is described as current at publication, not as a precisely timed census.",Retain this direct cross-check and its conflict with the treemap; do not infer intervening growth without another observation.,843a82287a482bf114c1424ceb2278bd0313eace498896bcf20c4928d46a7c65
ff1e8ce94ab2cf3a06d6317e2982e5d04361ff7412dda11aabb26b02428cd7d9,jiangsu_racks_2025_08,Jiangsu Communications Administration,"Jiangsu builds a tiered, diversified, network-integrated and green computing infrastructure",official-regulator,2025-10-27,"Jiangsu had 670,000 in-use computing-centre standard racks at the end of August 2025.","Opening paragraph, sentence beginning '截至8月底'.",verified,"Checked the rack count, observation month and in-use boundary on the provincial communications regulator's page.",2026-09-03,pending,https://jsca.miit.gov.cn/xwdt/gzdt/art/2025/art_86a6ff1669a749b7acf3e6498ade8c15.html,confirmed,2026-09-08,Second-agent source review,Provincial regulator article read in full,https://jsca.miit.gov.cn/xwdt/gzdt/art/2025/art_86a6ff1669a749b7acf3e6498ade8c15.html,"Opening paragraph, end-August statement","670,000 in-use standard racks at the end of August 2025 and the 27 October publication date match.","Retain as a later observation, not a replacement inside a March national allocation.",e02b0e4d7d7b73fe294f5f30663582a6905bc4d1443328ea1ebf2eacf1b6a9bd
ff1e8ce94ab2cf3a06d6317e2982e5d04361ff7412dda11aabb26b02428cd7d9,shandong_racks_2025_06,Shandong Provincial Department of Industry and Information Technology,Reply on using digital technology to support enterprise transformation,official,2025-06-26,"Shandong's total in-use standard racks exceeded 350,000.","Section '四是推进数字基础设施建设', sentence beginning '算力产业发展势头迅猛'.",verified,Checked the lower-bound wording and province-wide in-use-rack boundary on the department's official page.,2026-09-03,pending,https://gxt.shandong.gov.cn/art/2025/6/26/art_123005_38703.html,not_verified,2026-09-08,Second-agent source review,Official URL attempted in web reader and browser; targeted search,https://gxt.shandong.gov.cn/art/2025/6/26/art_123005_38703.html,Registered section could not be reread,"The live page timed out and the browser reported a certificate-name error. Targeted searches did not recover the stated source passage. The >350,000 claim and its date were not independently confirmed in this pass.",Keep the first review separate; obtain a readable official copy before treating this cross-check as second-agent verified.,5617b04e8ae62f9210b0c02e701cb5be22c844e6279eeca15d473dbcc0dd9a90
ff1e8ce94ab2cf3a06d6317e2982e5d04361ff7412dda11aabb26b02428cd7d9,shanxi_racks_2025_06,"Xinhua, republished by Jincheng Municipal Government",Computing Power China Tour decodes Shanxi's industrial transformation,primary-reported-official,2025-08-26,"Shanxi had 514,000 in-use computing-centre standard racks at the end of June 2025.",Paragraph quoting Shanxi Department of Industry and Information Technology deputy director Liu Yong.,verified,"Checked the figure, observation month and province-wide boundary in the attributed official statement.",2026-09-03,pending,https://www.jcgov.gov.cn/dtxx/gnyw/202508/t20250826_2190958.shtml,qualified,2026-09-08,Second-agent source review,Government-hosted Xinhua article read in browser,https://www.jcgov.gov.cn/dtxx/gnyw/202508/t20250826_2190958.shtml,Liu Yong quotation; header and Xinhua dateline,"514,000 in-use standard racks as of June 2025 match. The host published on 26 August; the Xinhua dateline is 22 August. The quotation says as of June, without explicitly specifying the last day.",Retain the count; describe the observation as June 2025 and distinguish the original and republication dates.,786a0ff7f8822e90071fac353918edfb703eb024a5ddbc25e3c773145ef5fb45
ff1e8ce94ab2cf3a06d6317e2982e5d04361ff7412dda11aabb26b02428cd7d9,hebei_racks_2025_12,Hebei Provincial Department of Industry and Information Technology,Hebei's top-ranked computing index reflects new development momentum,official,2026-03-09,MIIT's 2025 monitoring data put Hebei at 2.396 million in-use standard racks at year-end 2025.,Paragraph beginning '据工信部近日发布的2025年算力统筹监测数据显示'.,verified,"Checked the reported MIIT dataset attribution, year-end observation date, rack figure and in-use boundary on the department's page.",2026-09-03,pending,https://gxt.hebei.gov.cn/hbgyhxxht/xwzx32/snxw40/2026030909350910674/index.html,confirmed,2026-09-08,Second-agent source review,Government-hosted article read in browser,https://gxt.hebei.gov.cn/hbgyhxxht/xwzx32/snxw40/2026030909350910674/index.html,Paragraph attributing figures to MIIT's 2025 monitoring data,"2.396 million in-use standard racks at year-end 2025 and the 9 March 2026 host publication date match. This is a Hebei Daily report hosted by the department, quoting MIIT; the underlying monitoring table is not provided.",Retain the attributed observation. Do not describe the hosted article as direct access to MIIT's underlying dataset.,85aff58c31ceb8574489a2b4343c7efc5b9bd2777f876efcb192f9f0bbaf326e
ff1e8ce94ab2cf3a06d6317e2982e5d04361ff7412dda11aabb26b02428cd7d9,guangdong_racks_2025_12,"Guangdong Provincial People's Government Overseas Chinese Affairs Office, republishing Nanfang Daily",How Guangdong can seize the token-economy opportunity,official-government-republication,2026-05-07,"Guangdong had 1.42 million in-use data-centre racks at year-end 2025, ranking second nationally.",Province computing-capacity paragraph following the discussion of the Shaoguan cluster.,verified,"Checked the value, in-use wording and year-end context on the government-hosted article; no underlying provincial table is linked.",2026-09-03,pending,https://www.qb.gd.gov.cn/jrqx/content/post_1326148.html,discrepancy,2026-09-08,Second-agent source review,Search-indexed text of the registered government article; live TLS failure,https://www.qb.gd.gov.cn/jrqx/content/post_1326148.html,Rack-count paragraph and preceding renewable-power paragraph,The indexed article supports 1.42 million in-use racks and second-place ranking. The explicit year-end-2025 wording occurs in the renewable-generation paragraph; it does not unambiguously date the rack count. The stored year-end rack observation is unsupported by this passage.,Mark the rack observation date unconfirmed until a dated primary capacity statement is obtained; do not infer it from nearby energy statistics.,cccc9d7e9f209d7bcf03defa8f517b9105207855184e39de8dda79ade39c868e
ff1e8ce94ab2cf3a06d6317e2982e5d04361ff7412dda11aabb26b02428cd7d9,guangxi_racks_2024_12,Guangxi Communications Administration,2025 Guangxi Computing Power Alliance member conference,official-regulator,2025-05-13,"Guangxi's in-use data centres had design capacity of 164,000 standard racks at year-end 2024.","Second paragraph, sentence beginning '截至2024年底'.",verified,"Checked the value, year-end date and explicit in-use design-capacity boundary on the provincial communications regulator's page.",2026-09-03,pending,https://gxca.miit.gov.cn/xwdt/gzdt/art/2025/art_ca101c47ce624793868f3a9256998089.html,confirmed,2026-09-08,Second-agent source review,Provincial regulator article read in full,https://gxca.miit.gov.cn/xwdt/gzdt/art/2025/art_ca101c47ce624793868f3a9256998089.html,"Second paragraph, end-2024 statement","164,000 standard racks of design capacity in in-use data centres at year-end 2024 match. This is commissioned design capacity, not occupied racks. Publication is 13 May 2025.",Retain the explicit design-capacity boundary and 2024 observation date.,ada8d8db24797c7f8b21230140d78c965aff13a27875d135ae7ef6da4af898be
ff1e8ce94ab2cf3a06d6317e2982e5d04361ff7412dda11aabb26b02428cd7d9,hubei_racks_2025_06,"Hubei Daily, citing Hubei Provincial Data Bureau",From the Internet of Everything to the Intelligence of Everything,primary-reported-official,2025-07-23,"Hubei had 243 in-use data centres and more than 210,000 in-use standard racks at the end of June 2025.","Newspaper page 2, paragraph beginning '据湖北省数据局统计'.",verified,"Checked the lower-bound rack figure, observation month and attribution to the provincial Data Bureau in the newspaper PDF.",2026-09-03,pending,https://epaper.hubeidaily.net/pc/attachment/202507/23/b16aa3fd-a816-44c6-a647-6a83a211b04f.pdf,confirmed,2026-09-08,Second-agent source review,Downloaded newspaper PDF; extracted and checked the attributed paragraph,https://epaper.hubeidaily.net/pc/attachment/202507/23/b16aa3fd-a816-44c6-a647-6a83a211b04f.pdf,"PDF 1 / newspaper page 2, Hubei Data Bureau paragraph","The 23 July 2025 newspaper states 243 in-use centres and more than 210,000 in-use standard racks at the end of June. The lower bound and observation month match.","Retain the lower-bound sign. The government republication is the same report, not a second independent measurement.",3d737b8bfcd181361e24683c6ab89c793441bc55c0a216a9b6ad62c1b53dab27
ff1e8ce94ab2cf3a06d6317e2982e5d04361ff7412dda11aabb26b02428cd7d9,hubei_racks_2025_06_official_republication,"Wuhan Science and Technology Innovation Bureau, republishing Hubei Daily",Hubei moves from the Internet of Everything to the Intelligence of Everything,official-government-republication,2025-07-23,"Hubei Provincial Data Bureau statistics put the province at 243 in-use data centres and more than 210,000 in-use standard racks at the end of June 2025.","Section headed '全省总算力规模同比增长173%', paragraph beginning '据湖北省数据局统计'.",verified,"Checked the lower-bound count, in-use wording, observation month and Hubei Data Bureau attribution on the municipal government bureau's republication.",2026-09-03,pending,https://kjj.wuhan.gov.cn/xwzx_8/kjspxw/202507/t20250723_2623861.html,confirmed,2026-09-08,Second-agent source review,Government republication read in full and compared with newspaper PDF,https://kjj.wuhan.gov.cn/xwzx_8/kjspxw/202507/t20250723_2623861.html,Section on 173% computing-capacity growth; Data Bureau paragraph,"The June-end date, 243 centres and >210,000 standard racks match the newspaper version. The host date is 23 July 2025.","Retain as an accessible corroborating copy, not independent statistical confirmation of the original report.",c9c49031dcefa35ea8366f264801ff0696b6cd0c7b520156a5cabca34bae6a55
ff1e8ce94ab2cf3a06d6317e2982e5d04361ff7412dda11aabb26b02428cd7d9,zhejiang_racks_2025_12,Zhejiang Communications Administration,2025 Zhejiang communications-industry statistical bulletin,official-regulator,2026-02-09,"Zhejiang's information and communications industry had built 579,000 standard racks during 2025.","Section 4(c), '数据中心建设协调推进'.",verified,"Checked the year, exact value and communications-industry boundary in the official statistical bulletin.",2026-09-03,pending,https://zjca.miit.gov.cn/zwgk/xysjtj/art/2026/art_40707d7bde224d0bafe17cb5bbac9980.html,qualified,2026-09-08,Second-agent source review,Provincial regulator annual review read in full,https://zjca.miit.gov.cn/zwgk/xysjtj/art/2026/art_40707d7bde224d0bafe17cb5bbac9980.html,"Infrastructure paragraph, all-industry built standard racks","579,000 built standard racks are reported for the communications industry. This describes a stock built, not 579,000 additions during 2025, and does not explicitly establish the same commissioned boundary as CAICT.",Keep as a sector/boundary-limited cross-check; avoid interpreting built racks as newly added or all-province operational racks.,dcf5741dc7e93fb4b48258f57e45c6f64862a18ccf6fddd52b1363c1daa7b917
ff1e8ce94ab2cf3a06d6317e2982e5d04361ff7412dda11aabb26b02428cd7d9,guizhou_racks_2025_12,Guizhou Provincial Development and Reform Commission,Guizhou's comprehensive computing-power level remained among the national leaders during the 14th Five-Year Plan,official,2026-03-20,"During the 14th Five-Year Plan, Guizhou's key data centres under construction and in operation rose to 50 and their standard racks rose from 80,000 to 320,000.",Opening section under '算力规模加快壮大'.,verified,"Checked the official report of the provincial government press conference, the 320,000 value and the combined under-construction/in-operation key-centre boundary.",2026-09-03,pending,https://drc.guizhou.gov.cn/xwzx/zwyw/202603/t20260320_89890350.html,qualified,2026-09-08,Second-agent source review,Registered page inaccessible; search-indexed original newspaper report read,https://drc.guizhou.gov.cn/xwzx/zwyw/202603/t20260320_89890350.html;https://szb.eyesnews.cn/pc/att/202603/20/0f9d075a-643d-423e-8c4c-8077e1ffd1fe.pdf,"Guizhou Daily, 20 March 2026, front-page report of 19 March press conference","The original report confirms growth from 80,000 to 320,000 standard racks during the 14th Five-Year Plan and 50 key centres under construction or in operation. It does not establish a province-wide commissioned-only rack total.",Keep the mixed project-status boundary and seek a commissioned-only total. Record the original newspaper as supporting evidence.,86823fc93428126bd830980a70de8e58c7c48133e9dbcbbe592cd2c0a934db16
ff1e8ce94ab2cf3a06d6317e2982e5d04361ff7412dda11aabb26b02428cd7d9,ningxia_racks_2025_10,Ningxia Hui Autonomous Region Development and Reform Commission,Ningxia's modern industrial system achieved notable results during the 14th Five-Year Plan,official,2025-10-31,"Ningxia's standard-rack stock had reached 208,900 during the 14th Five-Year Plan period.",Digital-information paragraph beginning '数字信息逐步成势'.,verified,"Checked the exact figure and province-wide context on the commission's page. The page does not state whether the count is in-use, built or installed, so the boundary is retained as unresolved.",2026-09-03,pending,https://fzggw.nx.gov.cn/ztzl/sww/202510/t20251031_5070621.html,qualified,2026-09-08,Second-agent source review,Search-indexed text of the registered government page; live access failed,https://fzggw.nx.gov.cn/ztzl/sww/202510/t20251031_5070621.html,31 October 2025 industry-development summary,"208,900 standard racks are supported in the indexed text. It does not clearly separate built, commissioned and occupied capacity or give an exact census date.",Retain as a qualified cross-check; do not upgrade to a precise operational census based on publication date alone.,72beb2d538b298757dad2734669fe194778b29a11a708baf1c9929576d623867
ff1e8ce94ab2cf3a06d6317e2982e5d04361ff7412dda11aabb26b02428cd7d9,shanghai_racks_2023_09,"Beijing Municipal Government Data Portal, citing Shanghai Communications Administration",Shanghai strengthens its computing infrastructure to enable industries,official-government-republication,2024-02-19,"Shanghai had 423,000 in-use data-centre standard racks at the end of September 2023, according to the Shanghai Communications Administration.",Section headed '算赋百业生态初具规模'.,verified,"Checked the exact value, in-use boundary, date and regulator attribution on the government-hosted republication; the original regulator release was not located.",2026-09-03,pending,https://data.beijing.gov.cn/publish/bjdata/xydt/qtss/2942db54cb4444cba9801068082aa2bc.htm,not_verified,2026-09-08,Second-agent source review,Registered government URL attempted; targeted search,https://data.beijing.gov.cn/publish/bjdata/xydt/qtss/2942db54cb4444cba9801068082aa2bc.htm,Registered September-2023 statement not recovered from the cited official page,"The government-hosted source could not be reread. Secondary search results repeat 423,000 racks, but this pass did not recover a readable official or original source supporting the registered date and boundary.",Obtain the regulator's original release or an accessible official copy; do not count repetitions as second-agent verification.,3469b89cd7f0e37ba9b95a5cb764fd911456f4283c8b5c9cfa7e5960874a31fe
ff1e8ce94ab2cf3a06d6317e2982e5d04361ff7412dda11aabb26b02428cd7d9,shanghai_pudong_racks_2025_11,Shanghai Municipal People's Government,Pudong becomes a leader in high-quality data-industry development,official,2025-11-25,"Pudong had 59 data centres and 280,000 standard racks by November 2025.","Section '数字底座坚实筑基智慧政务提升治理效能', cloud-network and computing paragraph.",verified,"Checked the subregional scope, data-centre count and standard-rack figure on the municipal government page.",2026-09-03,pending,https://www.shanghai.gov.cn/nw15343/20251125/fd22ee263f8d4ba296fd5ec989bd47a8.html,qualified,2026-09-08,Second-agent source review,Shanghai government article read in full,https://www.shanghai.gov.cn/nw15343/20251125/fd22ee263f8d4ba296fd5ec989bd47a8.html,Pudong data-centre paragraph,"The 25 November 2025 article reports 59 centres and 280,000 standard racks in Pudong. It does not report the entire Shanghai municipality or explicitly distinguish commissioned from built racks.","Retain only as a subregional check, with the status boundary unresolved.",85d64fb6b913d8987014511ae5e5fc802fe15e7c2fe0a5da7d1afe267e8f8d23
ff1e8ce94ab2cf3a06d6317e2982e5d04361ff7412dda11aabb26b02428cd7d9,helingeer_racks_2025_07,Xinhua Inner Mongolia,2025 Green Computing and Artificial Intelligence Conference,primary-reported-official,2025-07-12,"The Hohhot/Helinger cluster reported 339,000 data-centre standard racks and 7,683 PFLOPS of total computing capacity.",Conference report paragraph describing the cluster's evaluation indicators.,verified,Checked the rack figure and cluster context in the Xinhua report; the commissioned-versus-built boundary is not explicit and is preserved as a caveat.,2026-09-03,pending,https://nmg.news.cn/20250712/8bdd43f119184da0be15ac00aa9fe5c6/c.html,qualified,2026-09-08,Second-agent source review,Search-indexed Xinhua article read; alternate www host recovered,https://nmg.news.cn/20250712/8bdd43f119184da0be15ac00aa9fe5c6/c.html;https://www.nmg.news.cn/20250712/8bdd43f119184da0be15ac00aa9fe5c6/c.html,12 July 2025 report of the green-computing-index launch,"339,000 standard racks and 7,683 PFLOPS for Helingear New Area match. The article reports a research launch, not an explicit July-day census, and does not define commissioned versus built racks.",Keep the subregional scope and distinguish publication date from a precise observation date.,b1355ea4447b6894646c63deb0700ffdd9830f2e2aed58c9878d6c2510147854
ff1e8ce94ab2cf3a06d6317e2982e5d04361ff7412dda11aabb26b02428cd7d9,wulanchabu_racks_2025_01,"Wulanchabu Daily, republished by Inner Mongolia News",Wulanchabu builds a flexible green-computing dispatch platform,primary-reported-official,2025-01-16,"Wulanchabu had built 240,000 racks and actually used 170,000 racks by January 2025.",Paragraph beginning '乌兰察布市经过10多年的发展'.,verified,Checked the built and actually used rack counts and preserved the distinction between them in the cross-check boundary.,2026-09-03,pending,https://inews.nmgnews.com.cn/system/2025/01/16/030087913.shtml,qualified,2026-09-08,Second-agent source review,Search-indexed text of the original registered article,https://inews.nmgnews.com.cn/system/2025/01/16/030087913.shtml,16 January 2025 article; cumulative-development paragraph,"240,000 built racks and 170,000 actually used racks match. The source is a Wulanchabu Daily report; signed capacity above 1.1 million is explicitly separate.",Retain the built-versus-used distinction and publication-date upper bound; do not add signed projects to operational capacity.,2762355834eda75b8911aad5e8efac4c48d9f35fdee619f0a3d67fa8403554df
ff1e8ce94ab2cf3a06d6317e2982e5d04361ff7412dda11aabb26b02428cd7d9,wulanchabu_racks_2025_12,"Guangming Daily, republished by Inner Mongolia News",Green electricity empowers computing as data weaves a cloud valley in Wulanchabu,primary-reported-official,2026-01-26,"At year-end 2025 Wulanchabu had 500,000 built standard racks, 330,000 operational racks and a 66% rack-up rate.",Paragraph beginning '截至2025年底'.,verified,"Checked the built, operational and utilization figures in the Guangming Daily report and retained the operational 330,000 as the cross-check value.",2026-09-03,pending,https://inews.nmgnews.com.cn/system/2026/01/26/030300987.shtml,not_verified,2026-09-08,Second-agent source review,Registered URL attempted in browser and web reader; targeted search,https://inews.nmgnews.com.cn/system/2026/01/26/030300987.shtml,Registered 26 January 2026 article not recovered,"The original article could not be reread. Repetitions on other sites do not independently verify 500,000 built racks, 330,000 operational racks or the year-end date.",Recover the original report or an official statistical statement before accepting this row as independently checked.,d0cb9c1d599bfa109f43fd23137f9eefe51f59c51a8c7002b2e36f79eab9dfba
ff1e8ce94ab2cf3a06d6317e2982e5d04361ff7412dda11aabb26b02428cd7d9,scio_racks_2025_03,State Council Information Office of China,Briefing on development of industry and information technology in the first half of 2025,official,2025-07-18,10.43 million standard computing-power racks were in use at 2025-03-31.,"Briefing answer by Xie Cun, paragraph beginning 'Network capabilities have been enhanced.'",verified,Exact figure and observation date checked against the official briefing text.,2026-09-02,pending,https://english.scio.gov.cn/pressroom/node_9016674.html,qualified,2026-09-08,Second-agent source review,Search-indexed official SCIO press-conference transcript,https://english.scio.gov.cn/pressroom/node_9016674.html,"18 July 2025 briefing, end-March computing-capacity statement","The transcript supports 10.43 million standard racks in use at the end of March 2025. This verifies the national denominator, not the 31 provincial allocations.",Retain the March denominator; record that this pass used the indexed transcript because live retrieval timed out.,9c218a2cb0db1fc4cb850c6466b88cb246668f87cf9cb197167b37a0151f3d00
ff1e8ce94ab2cf3a06d6317e2982e5d04361ff7412dda11aabb26b02428cd7d9,nda_standard_rack,National Data Administration,National integrated computing network: computing-center monitoring indicators,official,2025-06,Standard racks normalize rack power at 2.5 kW.,"Section 6.2.3, Table 3: rack total formula = rack power / 2.5 kW × rack count.",verified,Formula checked in the official technical document.,2026-09-02,pending,https://www.nda.gov.cn/sjj/ywpd/szkjyjcss/0608/ff808081-96b465bf-0197-4f0dae39-0700.pdf,discrepancy,2026-09-08,Second-agent source review,Downloaded official consultation PDF; text checked,https://www.nda.gov.cn/sjj/ywpd/szkjyjcss/0608/ff808081-96b465bf-0197-4f0dae39-0700.pdf,"Cover; section 6.2.1, Table 3, PDF 9 / printed 5","The 2.5 kW standard-rack conversion is supported. However, the document is the consultation draft of computing-centre capability-assessment requirements, not the monitoring-indicators document named in the register. The cited section 6.2.3 is not the relevant rack-count section.","Correct the title, draft status and locator. CAICT Appendix 3 also directly supports the 2.5 kW conversion.",364aa03bbf0dc022dc2e5e6c4504c61006bb020f1708261378a73aba8ce19f57
ff1e8ce94ab2cf3a06d6317e2982e5d04361ff7412dda11aabb26b02428cd7d9,jll_na_active_capacity_2025,JLL,North America Data Center Report — Year-End 2025,primary-research,2026-02-17,"JLL tracked 39 GW of active North American data-center capacity at year-end 2025, roughly half leased and half hyperscaler-owned.",Paragraph beginning 'The report marks a significant evolution'.,verified,"The active-versus-under-construction boundary, 39 GW total and leased/hyperscaler scope were checked on JLL's official release.",2026-09-02,pending,https://www.jll.com/en-us/newsroom/jll-north-america-data-center-report-year-end-2025,qualified,2026-09-08,Second-agent source review,JLL release read in full,https://www.jll.com/en-us/newsroom/jll-north-america-data-center-report-year-end-2025,Release header and opening active-capacity paragraph,"39 GW of active North American capacity in 2025, split about equally between leased and hyperscaler-owned, is supported. The header is 17 February 2026; the body dateline says 2025, an apparent source typo.",Use the 2026 header with a source-date note. Do not equate this North American series with a different provider's global denominator without reconciliation.,5cf4ce4cf076fe8015e57d32d0cd8c804fad2348553a10cbf6c4a53b7f6c34b1
ff1e8ce94ab2cf3a06d6317e2982e5d04361ff7412dda11aabb26b02428cd7d9,dominion_jll_markets_2025,"Dominion Energy, citing JLL",Fourth-Quarter 2025 Earnings Call Slides,primary-corporate-reproduction,2026-02-23,"JLL year-end 2025 capacities for ten US markets: Virginia 8,315 MW; Pacific Northwest 4,120; Columbus 3,541; Dallas–Fort Worth 2,423; Atlanta 2,070; Austin–San Antonio 1,700; Phoenix 1,653; Omaha 1,378; Chicago 1,223; Northern Indiana 1,162.","Slide 49, 'Top North American markets (MW capacity)'.",verified,"All ten labels and values were checked in Dominion's published table, which explicitly attributes the data to JLL's Year-End 2025 North America Data Center Report.",2026-09-02,pending,https://s2.q4cdn.com/510812146/files/doc_financials/2025/q4/2026-02-23-DE-IR-4Q-2025-earnings-call-slides-vTCI.pdf,confirmed,2026-09-08,Second-agent source review,Downloaded investor PDF; table and footnotes checked,https://s2.q4cdn.com/510812146/files/doc_financials/2025/q4/2026-02-23-DE-IR-4Q-2025-earnings-call-slides-vTCI.pdf,"PDF/slide 49, active data-centre market table","All ten market MW values match and sum to 27,585 MW. Virginia's 8,315 MW includes 6,315 MW Northern Virginia and 2,000 MW Southern Virginia. These are market aggregates reproduced by Dominion from JLL, not facility-level records.",Retain the exact market boundaries and attribution; do not relabel the ten markets as a complete US or state census.,d0ecd90599f3e2ed73a9903f73cc40345bf2478d35f956a6a7f0d7a165842a26
ff1e8ce94ab2cf3a06d6317e2982e5d04361ff7412dda11aabb26b02428cd7d9,cbre_inventory_h2_2025,CBRE,Northern Virginia Extends Lead as Largest U.S. Data Center Market in 2025,primary,2026-03-18,"H2 2025 inventory: Northern Virginia 4,039.6 MW, Dallas–Fort Worth 1,067.3 MW, Montreal 229.5 MW.",Top 10 Largest North American Data Center Markets by Inventory table.,verified,All three values checked in CBRE's published table.,2026-09-02,pending,https://www.cbre.com/press-releases/northern-virginia-extends-lead-as-largest-u-s-data-center-market-in-2025,confirmed,2026-09-08,Second-agent source review,CBRE report page and market table read,https://www.cbre.com/press-releases/northern-virginia-extends-lead-as-largest-u-s-data-center-market-in-2025,H2 2025 market inventory table,"Northern Virginia 4,039.6 MW, Dallas/Fort Worth 1,067.3 MW and Montreal 229.5 MW match. These are CBRE inventory observations, distinct from JLL's broader leased-plus-self-build series.",Keep overlapping US observations non-additive and retain Montreal's inventory-subset scope.,a4061657f5f7d93c214596b6021dc5aa35c02762e40ef63915ccd517c5d0446d
ff1e8ce94ab2cf3a06d6317e2982e5d04361ff7412dda11aabb26b02428cd7d9,cbre_capacity_glossary,CBRE Research,U.S. Data Center Trends Report H2 2017 — market definitions,primary-mirror,2018-01,Wholesale capacity is existing/commissioned power; wholesale colocation provides infrastructure to the PDU.,"PDF page 17, Market Definitions.",verified,CBRE glossary language checked in a university-hosted copy of the report.,2026-09-02,pending,https://trerc.tamu.edu/wp-content/uploads/files/PDFs/MktResearch/US_DataCenterTrends_CBRE_Semiannual.pdf,discrepancy,2026-09-08,Second-agent source review,University-hosted CBRE PDF read via web PDF extraction,https://trerc.tamu.edu/wp-content/uploads/files/PDFs/MktResearch/US_DataCenterTrends_CBRE_Semiannual.pdf,PDF 16 for H1 2018 glossary; PDF 34 / printed 17 for H2 2017 glossary,"The file concatenates two reports. The glossary supports commissioned wholesale power and the PDU boundary, but the registered PDF-page-17 locator does not identify it. The stored January-2018 publication month is not established by the reviewed glossary.",Correct the locator and verify the publication date; do not use this historical glossary alone to establish other providers' coverage.,19c23ba1ec001471a46a0986f061767799e5aa289bc9f17f579d8bf87ab331c6
ff1e8ce94ab2cf3a06d6317e2982e5d04361ff7412dda11aabb26b02428cd7d9,hohhot_capacity_2023,"Guojin Securities, citing Tsinghua IGI","How much green-power demand comes from data centers, and how can supply match it?",secondary,2025-03-03,"Hohhot/Helinger subset: 11 centers, 16,091 standard racks per center, 60.9% utilization, 107,793 in-use racks, PUE 1.21 and 326 MW campus power.","PDF report page 10, Figure 18.",verified_derived,Downloaded PDF and checked every input. Recomputed 442.5 MW design IT capacity and separately reconciled the reported 326 MW occupied facility load.,2026-09-02,pending,https://pdf.dfcfw.com/pdf/H3_AP202503031643671670_1.pdf,qualified,2026-09-08,Second-agent source review,Downloaded broker report; Figure 18 inputs and surrounding context checked,https://pdf.dfcfw.com/pdf/H3_AP202503031643671670_1.pdf,"PDF 10, Figures 17–18","11 centres, 16,091 average design racks, 107,793 used racks, 60.9% utilization, 2.5 kW per rack, PUE 1.21 and the 326 MW load comparison match. 442.5025 MW is calculated from rounded reported inputs, not directly measured capacity.",Retain as an attributed derived subset with rounding uncertainty; avoid presenting four-decimal precision as measurement accuracy.,bfc43d3ace7527aa3a1f7da69d05d083a4653d0d09e32285655c1a9a34cfd57b
ff1e8ce94ab2cf3a06d6317e2982e5d04361ff7412dda11aabb26b02428cd7d9,hohhot_price_2025,National Energy Administration,Hohhot builds a world computing valley,official,2025-07-18,Delivered transaction price for data-center green power was stable at about CNY 0.35/kWh.,Paragraph beginning '目前，和林格尔新区已落地'.,verified,Exact price and boundary checked in the official article.,2026-09-02,pending,https://www.nea.gov.cn/20250718/410e42d872e4417687cb5b0ab357d088/c.html,confirmed,2026-09-08,Second-agent source review,NEA-hosted article read in full,https://www.nea.gov.cn/20250718/410e42d872e4417687cb5b0ab357d088/c.html,18 July 2025 article; delivered electricity-price paragraph,"The article reports a delivered electricity transaction price of about CNY 0.35/kWh and green electricity above 80%. It is a reported local price, not an invoice establishing identical tariffs for all facilities.",Retain the approximate sign and local scope; do not apply it to the whole province without evidence.,5470171f27e24ac65a4b98e8e8b12438079f05870d8deaff857c7eab16b59467
ff1e8ce94ab2cf3a06d6317e2982e5d04361ff7412dda11aabb26b02428cd7d9,mongxi_tariff_2025_06,Inner Mongolia Power Group / Xilingol League Administration,June 2025 proxy-purchase price announcement,official,2025-05-30,110 kV two-part energy price CNY 0.442525/kWh and maximum-demand charge CNY 31.2/kW-month.,"Attached tariff table, 110 kV two-part row.",verified,Official announcement checked; exact table values cross-checked against a machine-readable transcription.,2026-09-02,pending,https://www.xlgl.gov.cn/xlgl/zw/zwgk/tzgg/2025090509233740836/index.html,qualified,2026-09-08,Second-agent source review,Government notice and both original tariff images inspected visually,https://www.xlgl.gov.cn/xlgl/zw/zwgk/tzgg/2025090509233740836/index.html;https://www.xlgl.gov.cn/xlgl/zw/zwgk/tzgg/2025090509233740836/2025090509221635776.jpg,June 2025 industrial/commercial table; 110 kV two-part row and footnote 3,"CNY 0.442525/kWh and 31.2/kW-month match. Time-of-use rates and special peak/trough periods apply. The utility territory is western Inner Mongolia, not the entire autonomous region.",Treat the calculation as a base-rate tariff proxy. Reconstruct the time-weighted bill and distinguish western/eastern grid coverage before calling it a province-wide annual bill.,8c6dd375b71d05faa42840e8729072ed7de08b4330f8e5d18328c9087062b5dc
ff1e8ce94ab2cf3a06d6317e2982e5d04361ff7412dda11aabb26b02428cd7d9,zhejiang_tariff_2025_06,State Grid Zhejiang Electric Power,June 2025 proxy-purchase industrial and commercial tariff,official,2025-05,110 kV two-part energy price CNY 0.5672/kWh and maximum-demand charge CNY 41.6/kW-month.,"Tariff table, industrial/commercial 110 kV row.",verified,Exact values and effective period checked in the source PDF.,2026-09-02,pending,https://zjjcmspublic.oss-cn-hangzhou-zwynet-d01-a.internet.cloud.zj.gov.cn/jcms_files/jcms1/web2241/site/attach/0/d94d1693bc7042f0a4349368bbb18419.pdf,qualified,2026-09-08,Second-agent source review,Downloaded PDF; tariff page visually inspected,https://zjjcmspublic.oss-cn-hangzhou-zwynet-d01-a.internet.cloud.zj.gov.cn/jcms_files/jcms1/web2241/site/attach/0/d94d1693bc7042f0a4349368bbb18419.pdf,"PDF 4, Table 1, 110 kV two-part rows and footnote 2","CNY 0.5672/kWh and 41.6/kW-month match June 2025. Separate large-industrial and general-commercial time-of-use schedules apply. June has seven peak, seven flat and ten low-price hours, so a constant-load bill does not equal the flat rate.",Model time-of-use and customer class before treating the rate as a realized bill; keep the current simplified base-rate proxy clearly labelled.,aeb912a22650eabdfab8e0e02f4df755b0f58dcc5021a03f9ab8e4deb7da04ce
ff1e8ce94ab2cf3a06d6317e2982e5d04361ff7412dda11aabb26b02428cd7d9,guizhou_tariff_2025_06,Guizhou Power Grid / Liupanshui municipal government,June 2025 proxy-purchase tariff,official,2025-05,110 kV two-part energy price CNY 0.583744/kWh and maximum-demand charge CNY 31/kW-month.,"Tariff table, 110 kV two-part row.",verified,Exact values and effective period checked in the government-hosted PDF.,2026-09-02,pending,https://www.lp.gov.cn/xwdt/gsgg/202505/P020250805466901120249.pdf,qualified,2026-09-08,Second-agent source review,Search-indexed table from the registered official PDF; live download failed,https://www.lp.gov.cn/xwdt/gsgg/202505/P020250805466901120249.pdf,"PDF/printed 3, June 2025 table, 110 kV two-part row","The indexed table supports CNY 0.583744/kWh, 31/kW-month, and 1–30 June. Peak, flat and low rates and their hour schedules are separately stated.",Retain only as a dated tariff proxy; record indexed access and obtain an archived readable PDF for a fully reproducible document check.,ebb7a270060b95e9b754d464baa6927775fb6e62ffc51e0012f644ec81dd2065
ff1e8ce94ab2cf3a06d6317e2982e5d04361ff7412dda11aabb26b02428cd7d9,jibei_tariff_2025_04,State Grid Jibei Electric Power,April 2025 proxy-purchase tariff,official-copy,2025-03,110 kV two-part energy price CNY 0.58196875/kWh and maximum-demand charge CNY 34.6/kW-month.,"Appendix 4, 110 kV two-part row.",verified,Exact values and effective period checked in the published table.,2026-09-02,pending,https://ele.aiit.org.cn/static/elefile/99303281758074622710101893155890.pdf,discrepancy,2026-09-08,Second-agent source review,Downloaded published utility-copy PDF; tariff and footnotes checked,https://ele.aiit.org.cn/static/elefile/99303281758074622710101893155890.pdf,"PDF 1, Appendix 1, 110 kV two-part row","CNY 0.58196875/kWh and 34.6/kW-month match April 2025. The table is Appendix 1, not Appendix 4. Jibei is a utility service territory, not all Hebei; time-of-use prices are separate.",Correct the locator. Keep the geographic extrapolation and simplified tariff calculation explicit.,2ed2d998bca645c4d4c67a70bded875e72b608cc2b87ce521a1414169ca1a37e
ff1e8ce94ab2cf3a06d6317e2982e5d04361ff7412dda11aabb26b02428cd7d9,jiangsu_tariff_2025_06,State Grid Jiangsu / Jintan District Government,June 2025 proxy-purchase industrial and commercial tariff,official,2025-06-24,110 kV two-part energy price CNY 0.5999/kWh and maximum-demand charge CNY 44.8/kW-month.,"Appendix 2, lines/table row for 110 kV two-part users.",verified,"Exact values, formula components and effective period checked in the government page.",2026-09-02,pending,https://www.jintan.gov.cn/html/czjt/2025/JFKEQAOD_0624/281022.html,qualified,2026-09-08,Second-agent source review,Government-hosted notice and tariff table read in full,https://www.jintan.gov.cn/html/czjt/2025/JFKEQAOD_0624/281022.html,"Appendix 2, 110 kV two-part row; time-of-use footnote","CNY 0.5999/kWh and 44.8/kW-month match. June's eight peak, eight flat and eight low-price hours imply an energy-only constant-load average of about CNY 0.621267/kWh, not 0.5999.",Reconstruct the time-weighted bill before calling the displayed calculation a standard-load electricity cost; retain the current base-rate proxy label.,fb386951d625d68cf9f77f32957c7a8a45e44c6f8a6dbe50aad7720973ccaadf
ff1e8ce94ab2cf3a06d6317e2982e5d04361ff7412dda11aabb26b02428cd7d9,beijing_tariff_2025_04,State Grid Beijing Electric Power,April 2025 proxy-purchase tariff,official-copy,2025-03,35–110 kV two-part energy price CNY 0.61971175/kWh and maximum-demand charge CNY 48/kW-month.,"Tariff table, 35–110 kV two-part row.",verified,Exact values and effective period checked in the published table.,2026-09-02,pending,https://ele.aiit.org.cn/static/elefile/99303281924019507384201247156397.pdf,qualified,2026-09-08,Second-agent source review,Downloaded utility-copy PDF; row and footnotes checked,https://ele.aiit.org.cn/static/elefile/99303281924019507384201247156397.pdf,"PDF 1, April 2025 table, 35–110 kV two-part row","CNY 0.61971175/kWh and 48/kW-month match. The source is a utility document hosted by an industry association, not a customer invoice; it describes one effective month.","Retain as an April tariff scenario, with voltage and assumed load factor explicit; it is not a measured annual data-centre average.",c90effb91f706373d589d2e7137603963ff926dad91e9680853894fb989b2af3
ff1e8ce94ab2cf3a06d6317e2982e5d04361ff7412dda11aabb26b02428cd7d9,guangdong_tariff_2025_04,Guangdong Power Grid / Shaoguan municipal government,April 2025 proxy-purchase industrial and commercial tariff,official,2025-03,Pearl River Delta 35–110 kV two-part energy price CNY 0.66996875/kWh and maximum-demand charge CNY 31/kW-month.,"Pearl River Delta five-city table, 35–110 kV two-part row.",verified,Exact tariff row and effective month checked in the official PDF; earlier unsupported regional capacity weighting removed.,2026-09-02,pending,https://www.gdsx.gov.cn/sgsxgdj/attachment/0/272/272080/2734391.pdf,not_verified,2026-09-08,Second-agent source review,Official PDF retrieval attempted; targeted exact-value search,https://www.gdsx.gov.cn/sgsxgdj/attachment/0/272/272080/2734391.pdf,Registered five-city tariff table could not be reread,The official download failed TLS validation and the table was not recovered through the web reader or targeted search. Neither numeric input was independently reverified in this pass.,Obtain an accessible official copy before sign-off. The existing whole-province use also requires justification beyond a five-city tariff.,cea5c8ef4ca139dc4bd55c9ff58133a0df08a4d6fd50fbd3a854fa1efd1dd801
ff1e8ce94ab2cf3a06d6317e2982e5d04361ff7412dda11aabb26b02428cd7d9,shandong_tariff_2025_03,State Grid Shandong / Yantai municipal government,March 2025 proxy-purchase industrial and commercial tariff,official,2025-03-20,35–110 kV two-part energy price CNY 0.67486875/kWh and maximum-demand charge CNY 35.2/kW-month.,"Tariff table, 35–110 kV two-part row.",verified,Exact values and effective period checked in the government page.,2026-09-02,pending,https://www.yantai.gov.cn/art/2025/3/20/art_70253_3244147.html,discrepancy,2026-09-08,Second-agent source review,Government tariff table and notes read in full,https://www.yantai.gov.cn/art/2025/3/20/art_70253_3244147.html,"March 2025 two-part table, voltage rows",CNY 0.67486875/kWh and 35.2/kW-month belong to 35 kV to below 110 kV. At 110 kV to below 220 kV the energy rate is 0.65986875. The register's 35–110 kV label obscures the excluded upper endpoint.,Correct the voltage label or use the actual 110 kV row if that is the chosen common voltage; also account for time-of-use before claiming a standardized bill.,b38e8c9f323590bf753e72b63b8e2a7262f74bd99325d7f4cd64007bb6c77322
ff1e8ce94ab2cf3a06d6317e2982e5d04361ff7412dda11aabb26b02428cd7d9,hydroquebec_rate_lg_2025,Hydro-Québec,"Electricity Rates Effective April 1, 2025",official,2025-04-01,Rate LG: CAD 15.963/kW-month plus CAD 0.04165/kWh; high-voltage credit CAD 3.0063/kW-month at 80–170 kV.,Articles 5.14–5.15 and high-voltage credit table in Chapter 12.,verified,Rate applicability and each price component checked in Hydro-Québec's rate book.,2026-09-02,pending,https://www.hydroquebec.com/data/documents-donnees/pdf/electricity-rates.pdf?v=HT-2025-v3,qualified,2026-09-08,Second-agent source review,Original rate-book URL geographically restricted; official Gazette tariff tables read,https://www.hydroquebec.com/data/documents-donnees/pdf/electricity-rates.pdf?v=HT-2025-v3;https://www.publicationsduquebec.gouv.qc.ca/fileadmin/gazette/pdf_encrypte/gaz_entiere/2518-A.pdf,"Gazette officielle du Québec, 30 April 2025, PDF 12/printed 1453 and PDF 21/printed 1462","Official Gazette tables confirm Rate LG CAD 15.963/kW-month, 0.04165/kWh and the 3.0063 high-voltage credit for 80 kV to below 170 kV, applicable 1 April 2025. These terms do not establish that all Montreal capacity qualifies for that rate and voltage credit.",Retain alternate official evidence. Check facility eligibility and voltage before classifying all 229.5 MW as strict tariff-covered capacity.,4bc436d501a1a3d3e1edd519a6d21dbe5684fc08a906d084773dedbd148e36b6
ff1e8ce94ab2cf3a06d6317e2982e5d04361ff7412dda11aabb26b02428cd7d9,hydroquebec_datacenter_classes_2026,Régie de l'énergie du Québec,R-4333-2026 data-center tariff-class annex,official-filing,2026-04-15,"Named data-center operators were on Rates M and LG, with large operators on LG.","One-page member table listing current tariffs for Cologix, Compass, Equinix, eStruxture, QScale and Vantage.",verified,Data-center tariff classes checked in the regulator filing.,2026-09-02,pending,https://www.regie-energie.qc.ca/fr/participants/dossiers/R-4333-2026/doc/R-4333-2026-C-Coalition-0009-DemInterv-Annexe-2026_04_15.pdf,qualified,2026-09-08,Second-agent source review,Downloaded one-page regulator filing; member table checked,https://www.regie-energie.qc.ca/fr/participants/dossiers/R-4333-2026/doc/R-4333-2026-C-Coalition-0009-DemInterv-Annexe-2026_04_15.pdf,15 April 2026 coalition-member current-tariff table,"The named operators and M/LG classes match. This is a coalition filing describing current classes in April 2026, not proof of their 2025 classes, connection voltages or the share of Montreal's 229.5 MW served under each class.",Do not use this alone to certify the entire Montreal block as 2025 strict tariff evidence; obtain dated operator/capacity and voltage evidence.,78bd85a34f028c8acf8bc17c35bd5a4c7bc7a5502957e0bd5c8f203d22efb341
ff1e8ce94ab2cf3a06d6317e2982e5d04361ff7412dda11aabb26b02428cd7d9,eia_industrial_prices_2025,U.S. Energy Information Administration,"Electric Power Monthly, February 2026",official,2026-02,"Calendar-2025 industrial averages used in the US curves: Texas 6.55, Virginia 9.45, Ohio 8.52, Georgia 7.81, Arizona 8.10, Illinois 10.14 and Indiana 8.89 cents/kWh.","Table 5.6.B, year-to-date through December 2025.",verified,All seven state values and the calendar-2025 boundary were checked in EIA's annual retail-sales API and reconciled to Electric Power Monthly Table 5.6.B.,2026-09-02,pending,https://www.eia.gov/electricity/monthly/current_month/february2026.pdf,discrepancy,2026-09-08,Second-agent source review,Broken registered URL checked; official archived PDF downloaded and table read,https://www.eia.gov/electricity/monthly/current_month/february2026.pdf;https://www.eia.gov/electricity/monthly/archive/february2026.pdf,"Archived February 2026 Electric Power Monthly, PDF 138, Table 5.6.B, industrial December-2025 YTD column","All seven stored values match: TX 6.55, VA 9.45, OH 8.52, GA 7.81, AZ 8.10, IL 10.14 and IN 8.89 cents/kWh. The registered current_month URL now redirects to EIA's homepage. The table labels 2025 values preliminary estimates, not final statistics.",Replace the dead citation with the dated archive and label values preliminary industrial averages. They do not establish data-centre customer classification.,5fd3aac33101d9bd4624a58dc4e06f7c6b3b617a5183319b303af437dde09f34
ff1e8ce94ab2cf3a06d6317e2982e5d04361ff7412dda11aabb26b02428cd7d9,federal_reserve_fx_2025,Federal Reserve Board,"Foreign Exchange Rates — G.5A Annual, January 5, 2026",official,2026-01-05,"2025 annual averages: CNY 7.1875/USD, CAD 1.3973/USD and USD 1.3192/GBP (inverted in the model to GBP 0.758035/USD).","Annual exchange-rate table, Canada, China and United Kingdom rows, 2025 column.",verified,All annual-average rates and the asterisked USD-per-GBP convention were checked in the Federal Reserve release; the GBP inverse is explicit in the model.,2026-09-02,pending,https://www.federalreserve.gov/releases/g5a/current/,confirmed,2026-09-08,Second-agent source review,Official annual-release table read,https://www.federalreserve.gov/releases/g5a/current/,"5 January 2026 release, 2025 Canada/China/United Kingdom column","CNY 7.1875/USD, CAD 1.3973/USD and USD 1.3192/GBP match. Inverting the sterling convention yields about GBP 0.758035173/USD.",Retain the explicit inverse. Prefer a dated archival release over the mutable current URL for long-term reproducibility.,ef74c81d390a28079a40f5b18f6a0c46993c8a73694bc9af807b9ce4596f8063
ff1e8ce94ab2cf3a06d6317e2982e5d04361ff7412dda11aabb26b02428cd7d9,nvidia_gb200_spec,NVIDIA,GB200 NVL72 specifications,vendor-primary,,"360 sparse FP16/BF16 PFLOP/s; dense performance is one half, or 180 PFLOP/s.",GB200 NVL72 Specs table and footnote 2.,verified,Specification and dense/sparse footnote checked on the vendor page during the research window.,2026-08-24,pending,https://www.nvidia.com/en-us/data-center/gb200-nvl72/,qualified,2026-09-08,Second-agent source review,Vendor specification table and footnote read,https://www.nvidia.com/en-us/data-center/gb200-nvl72/,"GB200 NVL72 Specs, FP16/BF16 row and footnote 2",360 sparse PFLOP/s and half that for dense operation support the derived 180 PFLOP/s. This is theoretical peak hardware throughput; the vendor page is undated.,Keep dense versus sparse explicit and do not present the result as measured model-serving throughput.,1e8fa5394ca746b20e2c0fdc5793465412921fe2c6430c9547e2fc66bdb50f97
ff1e8ce94ab2cf3a06d6317e2982e5d04361ff7412dda11aabb26b02428cd7d9,nvidia_gb200_power,NVIDIA,Mission Control power reservation steering FAQ,vendor-primary,2026-03,GB200 NVL72 full-load rack power is approximately 120 kW including nodes and rack components.,Example 1: Configuring a PD for a GB200 NVL72 rack.,verified,Power boundary and value checked in NVIDIA documentation.,2026-09-02,pending,https://docs.nvidia.com/mission-control/docs/systems-administration-guide/2.1.0/prs/faq.html,qualified,2026-09-08,Second-agent source review,Versioned vendor documentation read,https://docs.nvidia.com/mission-control/docs/systems-administration-guide/2.1.0/prs/faq.html,"Example 1, full-load rack components; page footer","The approximate 120 kW example includes nodes and switches at full load. It is engineering guidance, not a metered benchmark. The current version's footer says last updated 16 July 2026; it does not establish the stored March-2026 publication month.",Record the observable document-version date separately from an unconfirmed original publication date; keep power labelled approximate.,a31129b0aa35f911a5264217ce6a919e10d62a54bd33172eefd151f56973a6b0
ff1e8ce94ab2cf3a06d6317e2982e5d04361ff7412dda11aabb26b02428cd7d9,huawei_cloudmatrix_performance,Huawei,Groundbreaking SuperPoD Interconnect,vendor-primary,2025-09,Atlas 900 A3 / CloudMatrix384 connects 384 Ascend 910C chips and delivers up to 300 PFLOP/s.,"Paragraph beginning 'In March 2025, Huawei officially launched'.",verified,Chip count and performance claim checked on Huawei's page; precision boundary is supplemented by SemiAnalysis.,2026-09-02,pending,https://www.huawei.com/en/news/2025/9/hc-xu-keynote-speech,qualified,2026-09-08,Second-agent source review,Vendor keynote article read,https://www.huawei.com/en/news/2025/9/hc-xu-keynote-speech,Paragraph describing the March 2025 Atlas 900 A3 launch,384 Ascend 910C chips and up to 300 PFLOP/s match. The paragraph does not specify arithmetic precision; CloudMatrix cloud services and the Atlas hardware are related but distinct descriptions.,"Retain vendor peak-performance attribution; identify SemiAnalysis, rather than this paragraph alone, as support for dense-BF16 precision.",063b7abd6fd0c2715c966d767c90e180c3c67955ee2b9e35d5d7df4c69dc1466
ff1e8ce94ab2cf3a06d6317e2982e5d04361ff7412dda11aabb26b02428cd7d9,semianalysis_cloudmatrix_power,SemiAnalysis,Huawei AI CloudMatrix 384 — China's Answer to Nvidia GB200 NVL72,third-party-engineering-model,2025-04-16,CloudMatrix384 uses 4.1× GB200 NVL72 system power and 2.5× more power per dense-BF16 FLOP.,"Paragraph beginning 'The drawback here', before the paywall.",verified,"Exact current figures checked on the source page. They remain modeled estimates, not metered measurements.",2026-09-02,pending,https://newsletter.semianalysis.com/p/huawei-ai-cloudmatrix-384-chinas-answer-to-nvidia-gb200-nvl72,qualified,2026-09-08,Second-agent source review,Public portion of original engineering article read,https://newsletter.semianalysis.com/p/huawei-ai-cloudmatrix-384-chinas-answer-to-nvidia-gb200-nvl72,"16 April 2025 article, drawback paragraph before paywall","The public text reports 4.1 times system power and 2.5 times power per dense-BF16 FLOP. 4.1 divided by 300/180 is about 2.46, consistent with rounding to 2.5; the subtitle instead rounds efficiency to 2.6. These are analyst estimates, not controlled metering.",Use the 2.5 multiplier only as an engineering sensitivity scenario; preserve rounding and measurement uncertainty.,0280687c70527176baa18ef71a760eea6094b44b694d5151f8cfd665acd92662
ff1e8ce94ab2cf3a06d6317e2982e5d04361ff7412dda11aabb26b02428cd7d9,bis_china_policy_2026,U.S. Bureau of Industry and Security,Department of Commerce revises license review policy for semiconductors exported to China,official,2026-01,H200-class exports to approved China customers receive case-by-case review; this does not make GB200 generally available.,Policy summary and stated performance thresholds.,verified,Scenario boundary checked against the BIS policy release; it is not treated as an installed-fleet fact.,2026-08-24,pending,https://media.bis.gov/press-release/department-commerce-revises-license-review-policy-semiconductors-exported-china,qualified,2026-09-08,Second-agent source review,BIS press release read in full,https://media.bis.gov/press-release/department-commerce-revises-license-review-policy-semiconductors-exported-china,13 January 2026 licensing-policy announcement,"The release supports case-by-case review for H200, MI325X and similar products. It is a 2026 policy announcement, not a standalone record of rules effective during 2025. The press-release text does not contain the numerical performance thresholds claimed by the locator.",Cite the operative rule and 2025 rules separately before describing this as a factual 2025 export-restriction boundary; keep the curve a technology scenario.,c710ed6035058f0cb0444c896fa56e356b6fccadff5ea8493481a0ac6ef94dc4
ff1e8ce94ab2cf3a06d6317e2982e5d04361ff7412dda11aabb26b02428cd7d9,guian_capacity_2025,Guiyang municipal government,Gui'an data-center response,official,2025-06-03,"137,400 powered-on standard racks as of February 2025.",Capacity paragraph in the official response.,verified,"Exact value checked, then excluded because powered-on racks do not match commissioned design capacity.",2026-09-02,pending,https://www.guiyang.gov.cn/zwgk/zwgkzdlyxxgkjyta/zwgkzdlyxxgkjytazxtawfws/zwgkzdlyxxgkjytazxtawfwsqs/202506/t20250603_87956837.html,qualified,2026-09-08,Second-agent source review,Search-indexed government response read; live page timed out,https://www.guiyang.gov.cn/zwgk/zwgkzdlyxxgkjyta/zwgkzdlyxxgkjytazxtawfws/zwgkzdlyxxgkjytazxtawfwsqs/202506/t20250603_87956837.html,"Response dated 27 May, published 3 June 2025; January–February capacity paragraph","137,400 powered-on racks and 1.4449 million planned standard racks are separate figures. The response also distinguishes commissioned, under-construction and planned centres. Powered-on racks are not the same boundary as commissioned design racks.",Keep excluded from like-for-like chart widths and retain the January–February observation period.,15a0aff2ae108a196dc436cc73917618f3b47a3f7af08508e66cac2b1a803aaa
ff1e8ce94ab2cf3a06d6317e2982e5d04361ff7412dda11aabb26b02428cd7d9,guian_price_target_2025,Guizhou Provincial Energy Administration,2025 budget and policy targets,official,2025-03-07,CNY 0.35/kWh was a policy target for data centers.,Budget target table/text.,verified,Target wording checked and excluded from observed-price scenarios.,2026-09-02,pending,https://nyj.guizhou.gov.cn/zwgk/xxgkml/zdlyxx/czzj/202503/P020250307503578350701.pdf,qualified,2026-09-08,Second-agent source review,Search-indexed table from registered official budget PDF; live URL returned 404,https://nyj.guizhou.gov.cn/zwgk/xxgkml/zdlyxx/czzj/202503/P020250307503578350701.pdf,"Printed page 40, project 52000022P00846010008H",The budget performance table sets a data-centre electricity-price quality target at no more than CNY 0.35/kWh. It does not demonstrate the achieved bill or that all facilities received this price.,Keep excluded from observed-price scenarios and improve the locator to the project row and printed page.,e04e91bd47cfd8d3b70068734ce360d115ad03abcdd631d1de3f63da31a37437
ff1e8ce94ab2cf3a06d6317e2982e5d04361ff7412dda11aabb26b02428cd7d9,shanxi_tariff_2026_04,Energy Data Center,April 2026 Shanxi tariff transcription,secondary-transcription,2026-04,Post-cutoff 110 kV tariff inputs.,110 kV two-part row.,verified,Date and values checked; excluded because the effective date is after 2025-12-31.,2026-09-02,pending,https://energydc.cn/policy/sx/2026-04/cbe2e026-2c0e-11f1-9e60-f679c2336431,not_verified,2026-09-08,Second-agent source review,Browser retrieval returned HTTP 403; web reader exposed no tariff content,https://energydc.cn/policy/sx/2026-04/cbe2e026-2c0e-11f1-9e60-f679c2336431,Registered 110 kV row inaccessible,"The source could not be reread, so this pass did not confirm the numeric transcription or document date.",Keep excluded. Obtain the original utility notice before independently verifying this candidate; a 2026 effective tariff is outside the chart period regardless.,9c13e9708c27894a00b624bb1392fcf1d3bfde0a7e7ea0d650e575b9d70ab5e3
ff1e8ce94ab2cf3a06d6317e2982e5d04361ff7412dda11aabb26b02428cd7d9,shanghai_source_mismatch,Shanghai municipal government,Linked document for claimed June 2025 tariff,official,2025,The document was claimed to support a CNY 0.7484/kWh tariff proxy.,No supporting row found.,not_verified,Source checked and found not to establish the claimed input; record excluded.,2026-09-02,pending,https://www.shanghai.gov.cn/cmsres/8d/8dbc9d8c392e43b791295f493f1d247e/5b1658885ab19ab927050e05dfbb83f9.pdf,not_verified,2026-09-08,Second-agent source review,Downloaded scanned PDF; title page visually inspected,https://www.shanghai.gov.cn/cmsres/8d/8dbc9d8c392e43b791295f493f1d247e/5b1658885ab19ab927050e05dfbb83f9.pdf,"PDF 1, Shanghai development-reform notice [2025]31","The inspected document is a general notice about grid-company proxy purchasing, not an identified June-2025 tariff table. This pass did not establish support for CNY 0.7484/kWh; visual inspection of the cover alone does not prove the number is absent from every page.",Keep excluded until an exact effective-month numeric row is supplied. Do not upgrade an absence-of-evidence check to numeric verification.,c7ea3e454e97ca5d50330e4f26f53d000187f0f7426323366e54fed577f46b7d
ff1e8ce94ab2cf3a06d6317e2982e5d04361ff7412dda11aabb26b02428cd7d9,knight_frank_global_capacity_2025,Knight Frank,Artificial intelligence: The trillion dollar question,primary-research,2026-04-08,Global data-centre capacity was 62 GW in 2025.,"Demand shock section, first paragraph.",verified,The 2025 global headline was checked on the publisher's page. It is retained as an indicative denominator because no same-boundary country table is published there.,2026-09-02,pending,https://www.knightfrank.co.uk/research/article/2026/4/artificial-intelligence-trillion-dollar-question,qualified,2026-09-08,Second-agent source review,Publisher article read in full,https://www.knightfrank.co.uk/research/article/2026/4/artificial-intelligence-trillion-dollar-question,"8 April 2026 article, Demand shock section","The 62 GW 2025 headline is present, but no matching country table or clear reconciliation to this project's mixed source boundaries is supplied. JLL's 39 GW North America plus China's derived 26.075 GW already exceed 62 GW before other countries.",Keep 62 GW as an external indicative benchmark only. The resulting 92.1% ratio is not independently verified global coverage.,c014fd9d37639116981013d104122847fade133dc303f14fa40680669022f1e8
ff1e8ce94ab2cf3a06d6317e2982e5d04361ff7412dda11aabb26b02428cd7d9,knight_frank_global_forecast_2025,Knight Frank / DC Byte,Data Centres Global Forecast Report 2025,primary-research,2025,"2025 forecast live-IT capacities for 38 named global markets and a 55,646 MW global total, including colocation, self-build and build-to-suit capacity.","PDF pages 46–47, Global Forecasts map and note.",verified,Every 2025 market label and the regional/global summary were transcribed from the report. Forecast values rank research gaps but are not used as observed chart widths.,2026-09-02,pending,https://content.knightfrank.com/research/2960/documents/en/data-centres-global-forecast-report-2025-11877.pdf,discrepancy,2026-09-08,Second-agent source review,Downloaded PDF; global map visually inspected and all 38 labels compared,https://content.knightfrank.com/research/2960/documents/en/data-centres-global-forecast-report-2025-11877.pdf,"PDF 3 / printed pages 4–5, Global Forecasts map and note","All 38 stored 2025 market labels and the 55,646 MW total match. The linked file has six PDF pages, so the registered PDF pages 46–47 locator is wrong. This is an early-2025 forecast, not a retrospective year-end observation.","Correct the locator; continue using these forecasts only for indicative research gaps, never as observed 2025 chart widths.",8daa4af791f2bfcc4383730411090ccca7cc79db1712341c44a2ee883c3f6e53
ff1e8ce94ab2cf3a06d6317e2982e5d04361ff7412dda11aabb26b02428cd7d9,dcbyte_canada_live_2025,"Data Center Dynamics, reporting DC Byte","Canadian data center market to see exponential growth, pipeline almost 9GW",secondary-research,2025-09-25,"Canada had 1.4 GW of live IT capacity in Q2 2025 and 93% of IT load was clustered around Toronto, Montreal and Alberta.",Paragraphs beginning 'As of Q2 2025' and 'Of this 9GW'.,verified,"The live-versus-pipeline distinction, observation quarter and country total were checked in the article quoting DC Byte.",2026-09-02,pending,https://www.datacenterdynamics.com/en/news/canadian-data-center-market-to-see-exponential-growth-pipeline-almost-9gw-dc-byte/,qualified,2026-09-08,Second-agent source review,Original DCD reporting and linked DC Byte publisher page read,https://www.datacenterdynamics.com/en/news/canadian-data-center-market-to-see-exponential-growth-pipeline-almost-9gw-dc-byte/;https://www.dcbyte.com/market-spotlights/canada-data-centre-market-spotlight-2025/,"DCD 25 September 2025 report, Q2 live-capacity paragraph; DC Byte 24 September spotlight","DCD reports 1.4 GW live IT capacity in Q2 and distinguishes it from nearly 9 GW of pipeline. DC Byte's public page confirms the overall >10 GW pipeline-inclusive framing and 93% hub concentration, but does not expose a 1.4 GW live table.",Retain the secondary-source attribution and Q2 date. Do not apply the 93% pipeline-inclusive concentration claim as a verified live-only distribution.,f3030c1d77ae34bcd91f88771a8eed908b177b0e95a919aeb1e36c43d3a36c66
ff1e8ce94ab2cf3a06d6317e2982e5d04361ff7412dda11aabb26b02428cd7d9,uk_dsit_regional_capacity_2024,"UK Department for Science, Innovation and Technology",Estimate of Data Centre Capacity: Great Britain 2024,official,2025-05-01,"Maximum rated IT load of colocation data centres by 11 Great Britain ITL1 regions, estimated in autumn 2024 and totaling 1.566 GW from the published rows.","Methodology and PQ answer table, lines 80–106.",verified,"All 11 regional values, the IT-power boundary and exclusions were checked against the official table; rows sum to 1,566 MW.",2026-09-02,pending,https://www.gov.uk/government/publications/estimate-of-data-centre-capacity-great-britain-2024/estimate-of-data-centre-capacity-great-britain-2024,confirmed,2026-09-08,Second-agent source review,Official methodology and all regional table rows read,https://www.gov.uk/government/publications/estimate-of-data-centre-capacity-great-britain-2024/estimate-of-data-centre-capacity-great-britain-2024,Methodology and parliamentary-answer regional table,"All 11 rows match and sum to 1,566 MW: North East 17, North West 52, Yorkshire/Humber 16, East Midlands 9, West Midlands 15, East of England 44, London 1,048, South East 128, South West 53, Wales 154, Scotland 30. The source explicitly calls these autumn-2024 modelled maximum IT-load estimates for colocation.","Keep the 2024 vintage, modelled status and exclusions of enterprise facilities and Northern Ireland visible.",8e37ab26b96263941c754d63777f1287ad20d900cd70d35d160733b4445bb72d
ff1e8ce94ab2cf3a06d6317e2982e5d04361ff7412dda11aabb26b02428cd7d9,knight_frank_india_capacity_2025,Knight Frank India,India Data Centre Market Update 2025,primary-research,2026-06,"End-2025 live built IT capacity available to lease across seven primary markets: NCR, Mumbai, Pune, Hyderabad, Bengaluru, Chennai and Kolkata.","PDF page 6, 'Live Data Centre Capacity (in MW) Across Key Cities'.",verified,"All seven city values and the live-capacity definition were checked in the report; the values sum to 1,621.9 MW.",2026-09-02,pending,https://content.knightfrank.com/research/3111/documents/en/india-data-centre-market-update-2025-12895.pdf,confirmed,2026-09-08,Second-agent source review,"Downloaded PDF; introduction, map and definition checked",https://content.knightfrank.com/research/3111/documents/en/india-data-centre-market-update-2025-12895.pdf,"PDF 5, end-2025 statement; PDF 6, city map and live-capacity note","NCR 174.5, Mumbai 766.6, Pune 145.3, Hyderabad 151.4, Bengaluru 169.5, Chennai 191.5 and Kolkata 23.1 MW match, totaling 1,621.9 MW. The definition is built IT capacity available to lease, and the introduction explicitly states end-2025.",Retain this commercial live-capacity boundary; do not label it a complete inventory of enterprise and self-built facilities.,73ad8d3352611bfecddcc729b032cf4b10d99b39f4785aeb3c0d850b6605d4b0
ff1e8ce94ab2cf3a06d6317e2982e5d04361ff7412dda11aabb26b02428cd7d9,uk_desnz_nondomestic_price_2025,UK Department for Energy Security and Net Zero,DESNZ annual report 2025 to 2026: Performance report,official,2026-08,Provisional 2025 average electricity price for UK non-domestic users across all size bands was 24.3 pence/kWh including the Climate Change Levy.,"Average electricity and gas prices table, lines 551–561.",verified,"The 2025 value, provisional status, all-size-band boundary and tax treatment were checked in the official table.",2026-09-02,pending,https://www.gov.uk/government/publications/desnz-annual-report-and-accounts-2025-to-2026/performance-report,qualified,2026-09-08,Second-agent source review,Official performance report and update history read,https://www.gov.uk/government/publications/desnz-annual-report-and-accounts-2025-to-2026/performance-report,"Average electricity/gas prices table, 2025 non-domestic electricity column","24.3 pence/kWh is supported as a provisional 2025 all-size-band non-domestic average including Climate Change Levy. This is national, not a measured regional or data-centre price.",Retain the national-proxy and provisional labels; the source does not establish that it is a conservative upper bound for every region.,d0bdaeab1de504527183cd94b06981084387f0f6307ea3755b678c4d52dc2991
ff1e8ce94ab2cf3a06d6317e2982e5d04361ff7412dda11aabb26b02428cd7d9,saudi_capacity_2025,Saudi Press Agency,Saudi operational data-center capacity,official,2025,440 MW operational data-center capacity in 2025.,Capacity statement in the article.,partial,"Value checked; IT-versus-facility power boundary is not established, so it is excluded.",2026-09-02,pending,https://www.spa.gov.sa/ar/w2575816,discrepancy,2026-09-08,Second-agent source review,SPA page read in browser; article body recovered from page output,https://www.spa.gov.sa/ar/w2575816,Operational-capacity paragraph and following Q1-2026 paragraph,"440 MW operational in 2025 is supported, but the article also reports Q1-2026 capacity of 467 MW. The register's publication year 2025 is therefore inconsistent with the document. IT versus facility power remains unspecified.",Correct the publication metadata after verifying the article date; retain the 2025 observation and exclusion for unresolved power boundary.,aab0e14659eb880fc8f8b7f52aef600abcaa1b8554d151e95c2c6685777026f4
ff1e8ce94ab2cf3a06d6317e2982e5d04361ff7412dda11aabb26b02428cd7d9,saudi_tariff,Saudi Electricity Regulatory Authority,Cloud-computing electricity tariff,official,,Regulated cloud-computing tariff equivalent to USD 0.048/kWh.,Cloud-computing tariff category.,partial,"Value checked; no effective date was stated, so it is excluded.",2026-09-02,pending,https://sera.gov.sa/en/consumer/electric-tariff/electric-tariff-categories/consumption-tariff,not_verified,2026-09-08,Second-agent source review,Regulator URL attempted in browser and web reader,https://sera.gov.sa/en/consumer/electric-tariff/electric-tariff-categories/consumption-tariff,Cloud-computing category could not be reread,The regulator page timed out and no qualifying tariff table or effective date was recovered. USD 0.048/kWh was not independently verified in this pass.,"Keep excluded; obtain a dated regulator tariff, eligibility conditions and the explicit SAR-to-USD conversion.",ba720950e2f0f541f4b5a68d4c6d308ce40390106c0a0c11fbf65be928623db6
